{"initial_reset_timestamp": 99336.3072436, "timestamps": [99343.3788032, 99350.1655761, 99356.935738, 99363.7224239, 99370.4922396, 99377.2797175, 99384.0673498, 99390.8203095, 99397.6897582, 99404.5107641], "episode_lengths": [200, 200, 200, 200, 200, 200, 200, 200, 200, 200], "episode_rewards": [-200.0, -200.0, -200.0, -200.0, -200.0, -200.0, -200.0, -200.0, -200.0, -200.0], "episode_types": ["t", "t", "t", "t", "t", "t", "t", "t", "t", "t"]}